{
  "episode": 250,
  "total_episodes": 250,
  "model_type": "GAT-DQN",
  "epsilon": 0.01,
  "per_beta": 1.0,
  "global_step": 75000,
  "training_updates": 300.0,
  "agents": 9,
  "learning_rate": 0.001,
  "gamma": 0.99,
  "avg_reward": -0.7516616744588491,
  "avg_queue": 19.92972222222222,
  "throughput": 422,
  "avg_travel_time": 58.018957345971565,
  "episode_co2": 101474326.05194424,
  "co2_per_veh": 240460.4882747494,
  "updates": 300.0,
  "loss": 0.42721479512751104,
  "policy_loss": 0.0,
  "value_loss": 0.0,
  "time_of_day": 0.0,
  "global_congestion": 0.0
}